Row ID,K2 Name,K2 ID,Alt Name,RA (J2000),Dec (J2000),Disc Method,Number of Planets,Planet Radius,Planet Radius Limit Flag,Semi-Major Axis,Semi-Major Axis Flag,Orbital Eccentricity,Orbital Eccentricity Limit Flag, Orbital Inclination,Orbital Inclination Limit Flag,Planet Mass,Planet mass Limit Flag,Planet Density,Planet Density Limit Flag,Period,Period Limit Flag,Stellar Mass,Stellar Mass Limit Flag,Stellar Radius,Stellar Radius Limit Flag,Stellar Distance,Stellar  Distance limit Flag,Stellar Optical mag,Stellar Optical mag Limit Flag,Optical Mag Band Name,Stellar Teff, Stellar Teff Limit Flag,# of Planet Notes,Last Update,Gaia gmag,Kepmag,K2 Campaign
integer,string,integer,string,ra,dec,string,integer,float,integer,float,integer,float,integer,float,integer,float,integer,float,integer,float,integer,float,float,float,integer,float,integer,float,integer,string,integer,integer,integer,string,float,float,string
1,K2-1 b,60017806,WASP-28 b,23 34 27.876,-01 34 48.23,Transit,1,1.213,0,0.045,0,0.000,0,88.610,0,0.907,0,0.676,0,3.409,0,1.020,0.000,1.090,0,410.000,0,12.030,0,V (Johnson),6150,0,0,2015-03-05,,11.500,E
2,K2-2 b,60021410,HIP 116454 b,23 35 49.285,+00 26 43.86,Transit,1,0.226,0,0.091,,0.205,0,88.430,0,0.037,0,4.170,0,9.120,0,0.780,0.000,0.720,0,55.200,0,10.190,0,V (Johnson),5089,0,0,2014-12-19,9.861,9.507,E
3,K2-3 b,201367065,K2-3 b,11 29 20.387,-01 27 17.23,Transit,3,0.194,0,0.077,0,,,88.800,0,,,,,10.054,0,0.600,0.000,0.560,0,,,12.170,0,V (Johnson),3896,0,0,2016-07-07,,11.574,1
4,K2-3 c,201367065,K2-3 c,11 29 20.387,-01 27 17.23,Transit,3,0.165,0,0.140,0,,,89.120,0,,,,,24.644,0,0.600,0.000,0.560,0,,,12.170,0,V (Johnson),3896,0,1,2016-07-07,,11.574,1
5,K2-3 d,201367065,K2-3 d,11 29 20.387,-01 27 17.23,Transit,3,0.135,0,0.208,0,,,89.380,0,,,,,44.560,0,0.600,0.000,0.560,0,,,12.170,0,V (Johnson),3896,0,3,2016-07-07,,11.574,1
6,K2-4 b,201208431,K2-4 b,11 38 58.953,-03 54 20.11,Transit,1,0.187,0,0.078,0,0.080,0,89.540,0,,0,,0,10.003,0,0.640,0.000,0.570,0,,,14.907,0,V (Johnson),4014.73,0,0,2017-10-26,,14.409,1
7,K2-5 b,201338508,K2-5 b,11 17 12.839,-01 52 40.71,Transit,2,0.170,0,0.053,0,,,87.350,0,,,,,5.736,0,0.610,0.000,0.570,0,,,14.910,0,V (Johnson),3930,0,0,2016-07-07,,14.364,1
8,K2-5 c,201338508,K2-5 c,11 17 12.839,-01 52 40.71,Transit,2,0.202,0,0.082,0,,,86.950,0,,,,,10.932,0,0.610,0.000,0.570,0,,,14.910,0,V (Johnson),3930,0,0,2016-07-07,,14.364,1
9,K2-6 b,201384232,K2-6 b,11 52 46.143,-01 11 54.52,Transit,1,0.223,0,0.190,0,,,,,,,,,30.942,0,0.970,0.000,0.960,0,,,12.654,0,V (Johnson),5850,0,0,2015-07-16,,12.510,1
10,K2-7 b,201393098,K2-7 b,11 08 22.504,-01 03 56.72,Transit,1,0.238,0,0.181,0,,,,,,,,,28.680,0,0.970,0.000,0.960,0,,,13.213,0,V (Johnson),5772,0,0,2015-07-16,,13.054,1
11,K2-8 b,201445392,K2-8 b,11 19 10.481,-00 17 03.75,Transit,2,0.319,0,0.086,0,,,86.420,0,,,,,10.352,0,0.780,0.000,0.740,0,,,14.610,0,V (Johnson),4870,0,0,2016-07-07,,14.384,1
12,K2-9 b,201465501,K2-9 b,11 45 03.472,+00 00 19.08,Transit,1,0.201,0,0.091,0,,,87.983,0,,,,,18.450,0,0.300,0.000,0.310,0,,,15.630,0,V (Johnson),3390,0,0,2016-01-21,,14.957,1
13,K2-10 b,201577035,K2-10 b,11 28 29.271,+01 41 26.29,Transit,1,0.343,0,,,0.310,0,,,0.085,0,2.600,0,19.304,0,0.920,0.000,0.980,0,,,12.418,0,V (Johnson),5620,0,0,2016-02-11,,12.296,1
14,K2-11 b,201596316,K2-11 b,11 16 10.082,+01 59 12.62,Transit,1,0.674,0,0.226,0,,,,,,,,,39.938,0,1.350,0.000,5.150,0,,,13.386,0,V (Johnson),5433,0,0,2015-07-16,,13.151,1
15,K2-12 b,201613023,K2-12 b,11 32 46.088,+02 14 41.58,Transit,1,0.208,0,0.080,0,,,,,,,,,8.282,0,1.010,0.000,1.010,0,,,12.258,0,V (Johnson),5800,0,0,2015-07-16,,12.137,1
16,K2-13 b,201629650,K2-13 b,11 20 37.328,+02 30 09.71,Transit,1,0.169,0,0.211,0,,,,,,,,,39.915,0,0.800,0.000,0.780,0,,,12.901,0,V (Johnson),5698,0,0,2015-07-16,,12.727,1
17,K2-14 b,201635569,K2-14 b,11 52 13.685,+02 35 39.28,Transit,1,0.429,0,0.063,0,,,,,,,,,8.368,0,0.470,0.000,0.450,0,,,16.310,0,V (Johnson),3789,0,0,2015-07-16,,15.547,1
18,K2-15 b,201736247,K2-15 b,11 52 26.591,+04 15 17.09,Transit,1,0.221,0,0.091,0,,,,,,,,,11.810,0,0.720,0.000,0.680,0,,,14.663,0,V (Johnson),5131,0,0,2015-07-16,,14.403,1
19,K2-16 b,201754305,K2-16 b,11 40 23.342,+04 33 26.42,Transit,2,0.180,0,0.067,0,,,87.970,0,,,,,7.619,0,0.680,0.000,0.660,0,,,14.670,0,V (Johnson),4742,0,0,2016-07-07,,14.298,1
20,K2-16 c,201754305,K2-16 c,11 40 23.342,+04 33 26.42,Transit,2,0.227,0,0.123,0,,,87.830,0,,,,,19.079,0,0.680,0.000,0.660,0,,,14.670,0,V (Johnson),4742,0,0,2016-07-07,,14.298,1
21,K2-17 b,201855371,K2-17 b,11 53 19.146,+06 24 44.14,Transit,1,0.199,0,0.119,0,,,,,,,,,17.968,0,0.710,0.000,0.660,0,,,13.519,0,V (Johnson),4320,0,0,2015-07-16,,12.997,1
22,K2-18 b,201912552,K2-18 b,11 30 14.509,+07 35 18.21,Transit,2,0.212,0,0.143,0,0.430,1,89.579,0,0.025,0,3.300,0,32.940,0,0.360,0.000,0.410,0,34.000,0,13.496,0,V (Johnson),3457,0,1,2017-12-21,,12.473,1
23,K2-19 b,201505350,K2-19 b,11 39 50.475,+00 36 12.87,Transit,3,0.691,0,0.074,0,,,89.470,0,,,,,7.919,0,0.930,0.000,0.860,0,,,13.000,0,V (Johnson),5430,0,0,2016-07-07,,12.806,1
24,K2-19 c,201505350,K2-19 c,11 39 50.475,+00 36 12.87,Transit,3,0.434,0,0.097,0,,,87.990,0,,,,,11.907,0,0.930,0.000,0.860,0,,,13.000,0,V (Johnson),5430,0,0,2016-07-07,,12.806,1
25,K2-20 b,202126852,HAT-P-56 b,06 43 23.529,+27 15 08.25,Transit,1,1.466,0,0.042,0,0.246,1,82.130,0,2.180,0,0.860,0,2.791,0,1.300,0.000,1.430,0,310.500,0,10.908,0,V (Johnson),6566,0,0,2015-07-23,10.775,10.900,0
26,K2-25 b,210490365,K2-25 b,04 13 05.624,+15 14 51.95,Transit,1,0.306,0,,0,0.270,0,88.300,0,,0,,0,3.485,0,0.290,0.000,0.290,0,,,15.881,0,V (Johnson),3180,0,0,2017-09-28,,14.528,4
27,K2-39 b,206247743,K2-39 b,22 33 28.411,-09 01 21.97,Transit,1,0.509,0,0.057,0,0.152,0,,,0.125,0,1.170,0,4.605,0,1.190,0.000,2.930,0,,,10.830,0,V (Johnson),4912,0,0,2017-02-09,,10.581,3
28,K2-97 b,211351816,K2-97 b,08 31 03.080,+10 50 51.31,Transit,1,1.310,0,,,,,,,1.100,0,0.020,0,8.406,0,1.160,0.000,4.200,0,,,12.611,0,V (Johnson),4790,0,0,2016-09-29,,12.409,5
29,K2-98 b,211391664,K2-98 b,08 25 57.189,+11 30 40.12,Transit,1,0.384,0,0.094,0,0.000,0,89.000,0,0.101,0,2.150,0,10.137,0,1.070,0.000,1.310,0,,,12.166,0,V (Johnson),6120,0,0,2016-09-29,,12.102,5
30,K2-109 b,201437844,HD 106315 b,12 13 53.394,-00 23 36.54,Transit,2,0.214,0,0.089,0,0.310,1,87.620,0,,0,,0,9.554,0,1.030,0.000,1.280,0,,,8.951,0,V (Johnson),6254,0,0,2017-09-28,8.860,9.234,10
31,K2-110 b,212521166,K2-110 b,13 49 23.888,-12 17 04.17,Transit,1,0.231,0,0.102,0,0.079,0,89.350,0,0.053,0,5.200,0,13.864,0,0.740,0.000,0.710,0,,,11.915,0,V (Johnson),5010,0,0,2017-05-18,,11.590,6
32,K2-113 b,220504338,K2-113 b,01 17 47.829,+06 52 08.02,Transit,1,0.930,0,0.056,0,0.000,0,86.210,0,1.290,0,1.970,0,5.818,0,1.010,0.000,1.050,0,,,13.684,0,V (Johnson),5627,0,1,2017-07-27,,13.514,8
33,K2-125 b,212398486,K2-125 b,13 36 34.109,-14 56 51.37,Transit,1,0.194,0,0.121,0,0.080,0,89.720,0,,0,,0,21.750,0,0.490,0.000,0.400,0,,,16.122,0,V (Johnson),3654.47,0,0,2017-10-05,,15.147,6
34,K2-126 b,212460519,K2-126 b,13 34 11.169,-13 34 36.94,Transit,1,0.164,0,0.066,0,0.060,0,89.400,0,,0,,0,7.387,0,0.700,0.000,0.620,0,,,12.918,0,V (Johnson),4367.83,0,0,2017-10-05,,12.445,6
35,K2-127 b,212554013,K2-127 b,13 48 18.812,-11 35 20.32,Transit,1,0.773,0,0.041,0,0.120,0,87.220,0,,0,,0,3.588,0,0.700,0.000,0.680,0,,,15.037,0,V (Johnson),4387.84,0,0,2017-10-05,,14.733,6
36,K2-128 b,212686205,K2-128 b,13 37 45.037,-08 35 49.43,Transit,1,0.127,0,0.056,0,0.230,0,87.400,0,,0,,0,5.676,0,0.710,0.000,0.780,0,,,12.627,0,V (Johnson),4469.51,0,0,2017-10-05,,12.256,6
37,K2-129 b,214787262,K2-129 b,19 16 35.596,-25 38 41.87,Transit,1,0.093,0,0.057,0,0.130,0,89.210,0,,0,,0,8.239,0,0.360,0.000,0.360,0,,,13.630,0,V (Johnson),3459.09,0,0,2017-10-05,,12.533,7
38,K2-130 b,217941732,K2-130 b,19 21 04.863,-19 41 26.91,Transit,1,0.112,0,0.032,0,0.170,0,86.530,0,,0,,0,2.494,0,0.700,0.000,0.740,0,,,12.759,0,V (Johnson),4356.47,0,0,2017-10-05,,12.283,7
39,K2-18 c,201912552,K2-18 c,11 30 14.509,+07 35 18.21,Radial Velocity,2,,0,0.060,0,0.470,1,,0,0.024,0,,0,8.962,0,0.360,0.000,0.410,0,34.000,0,13.496,0,V (Johnson),3457,0,1,2017-12-21,,12.473,1
40,K2-140 b,228735255,K2-140 b,12 32 32.963,-09 36 27.50,Transit,1,1.095,0,0.059,0,0.120,0,88.510,0,1.019,0,0.963,0,6.569,0,1.000,0.000,0.990,0,340.240,0,12.624,0,V (Johnson),5654,0,0,2018-01-05,12.393,12.483,10
41,K2-134 b,246441449,WASP-151 b,23 16 15.227,+00 18 24.27,Transit,1,1.130,0,0.055,0,0.003,1,89.200,0,0.310,0,0.290,0,4.533,0,1.080,0.000,1.140,0,,,12.795,0,V (Johnson),5871,0,0,2017-10-26,,12.670,12
42,K2-141 b,246393474,K2-141 b,23 23 39.968,-01 11 21.39,Transit,2,0.135,0,,0,0.000,0,86.300,0,0.016,0,8.200,0,0.280,0,0.710,0.000,0.680,0,58.770,0,11.389,0,V (Johnson),4599,0,0,2018-01-18,10.616,10.619,12
43,K2-141 c,246393474,K2-141 c,23 23 39.968,-01 11 21.39,Transit,2,0.624,0,,0,0.000,0,87.200,0,0.023,1,,0,7.748,0,0.710,0.000,0.680,0,58.770,0,11.389,0,V (Johnson),4599,0,1,2018-01-18,10.616,10.619,12
44,K2-142 b,217671466,HATS-9 b,19 23 14.425,-20 09 58.74,Transit,1,1.172,0,,0,,0,88.940,0,0.816,0,0.626,0,1.915,0,1.030,0.000,1.500,0,622.000,0,13.276,0,V (Johnson),5366,0,0,2018-01-18,,13.095,7
45,K2-143 b,216414930,HATS-11 b,19 17 36.182,-22 23 23.74,Transit,1,1.487,0,,0,,0,89.030,0,0.830,0,0.315,0,3.619,0,1.000,0.000,1.440,0,,,14.018,0,V (Johnson),6060,0,0,2018-01-18,,13.737,7
46,K2-144 b,218131080,HATS-12 b,19 16 48.574,-19 21 21.27,Transit,1,1.384,0,,0,,0,82.270,0,2.390,0,1.120,0,3.143,0,1.490,0.000,2.210,0,,,12.756,0,V (Johnson),6408,0,0,2018-01-18,,12.700,7
47,K2-145 b,215969174,HATS-36 b,19 25 54.888,-23 12 10.05,Transit,1,1.235,0,0.054,0,0.105,0,87.610,0,3.216,0,2.120,0,4.175,0,1.220,0.000,1.160,0,962.000,0,14.386,0,V (Johnson),6149,0,0,2018-01-18,14.148,14.300,7
48,K2-146 b,211924657,K2-146 b,08 40 06.427,+19 05 34.36,Transit,1,0.196,0,0.027,0,,0,,0,,0,,0,2.645,0,0.360,0.000,0.350,0,86.000,0,16.248,0,V (Johnson),3385,0,0,2018-02-01,,15.031,5
49,K2-147 b,213715787,K2-147 b,19 35 19.966,-28 29 52.20,Transit,1,0.123,0,0.016,0,,0,,0,,0,,0,0.962,0,0.580,0.000,0.550,0,88.000,0,14.019,0,V (Johnson),3672,0,0,2018-02-01,,13.355,7
50,K2-148 b,220194974,K2-148 b,00 58 04.277,-00 11 35.36,Transit,3,0.119,0,0.045,0,,0,,0,,0,,0,4.384,0,0.650,0.000,0.630,0,121.000,0,13.507,0,V (Johnson),4079,0,0,2018-02-01,,12.975,8
51,K2-148 c,220194974,K2-148 c,00 58 04.277,-00 11 35.36,Transit,3,0.154,0,0.062,0,,0,,0,,0,,0,6.923,0,0.650,0.000,0.630,0,121.000,0,13.507,0,V (Johnson),4079,0,0,2018-02-01,,12.975,8
52,K2-148 d,220194974,K2-148 d,00 58 04.277,-00 11 35.36,Transit,3,0.146,0,0.077,0,,0,,0,,0,,0,9.758,0,0.650,0.000,0.630,0,121.000,0,13.507,0,V (Johnson),4079,0,0,2018-02-01,,12.975,8
53,K2-149 b,220522664,K2-149 b,00 39 17.256,+07 16 37.56,Transit,1,0.146,0,0.083,0,,0,,0,,0,,0,11.332,0,0.590,0.000,0.570,0,118.000,0,14.484,0,V (Johnson),3745,0,0,2018-02-01,,13.787,8
54,K2-150 b,220598331,K2-150 b,01 13 22.602,+08 59 15.14,Transit,1,0.178,0,0.073,0,,0,,0,,0,,0,10.594,0,0.460,0.000,0.440,0,110.000,0,15.829,0,V (Johnson),3499,0,0,2018-02-01,,14.847,8
55,K2-151 b,220621087,K2-151 b,01 17 13.086,+09 30 04.97,Transit,1,0.120,0,0.036,0,,0,,0,,0,,0,3.836,0,0.440,0.000,0.430,0,62.700,0,14.140,0,V (Johnson),3585,0,0,2018-02-01,,13.384,8
56,K2-152 b,201128338,K2-152 b,12 06 31.871,-05 49 38.68,Transit,1,0.251,0,0.173,0,,0,,0,,0,,0,32.653,0,0.650,0.000,0.630,0,112.000,0,13.728,0,V (Johnson),3940,0,0,2018-02-01,,13.114,10
57,K2-153 b,201598502,K2-153 b,12 15 14.205,+02 01 15.43,Transit,1,0.178,0,0.060,0,,0,,0,,0,,0,7.516,0,0.510,0.000,0.490,0,126.000,0,14.979,0,V (Johnson),3720,0,0,2018-02-01,,14.331,10
58,K2-154 b,228934525,K2-154 b,12 36 00.363,-02 40 10.13,Transit,2,0.199,0,0.041,0,,0,,0,,0,,0,3.676,0,0.670,0.000,0.650,0,133.000,0,14.033,0,V (Johnson),3978,0,0,2018-02-01,,13.351,10
59,K2-154 c,228934525,K2-154 c,12 36 00.363,-02 40 10.13,Transit,2,0.187,0,0.068,0,,0,,0,,0,,0,7.955,0,0.670,0.000,0.650,0,133.000,0,14.033,0,V (Johnson),3978,0,0,2018-02-01,,13.351,10
60,K2-155 b,210897587,K2-155 b,04 21 52.487,+21 21 12.96,Transit,3,0.138,0,0.055,0,,0,,0,,0,,0,6.344,0,0.540,0.000,0.530,0,62.300,0,12.806,0,V (Johnson),3919,0,0,2018-02-01,,12.656,13
61,K2-155 c,210897587,K2-155 c,04 21 52.487,+21 21 12.96,Transit,3,0.174,0,0.092,0,,0,,0,,0,,0,13.854,0,0.540,0.000,0.530,0,62.300,0,12.806,0,V (Johnson),3919,0,0,2018-02-01,,12.656,13
62,K2-155 d,210897587,K2-155 d,04 21 52.487,+21 21 12.96,Transit,3,0.146,0,0.189,0,,0,,0,,0,,0,40.684,0,0.540,0.000,0.530,0,62.300,0,12.806,0,V (Johnson),3919,0,0,2018-02-01,,12.656,13
63,K2-156 b,201110617,K2-156 b,12 10 48.043,-06 17 39.14,Transit,1,0.102,0,,,,,84.005,0,,,,,0.813,0,0.640,0.000,0.620,0,,,13.424,0,V (Johnson),4460,0,0,2018-02-15,,12.947,10
64,K2-157 b,201130233,K2-157 b,12 15 00.322,-05 46 55.17,Transit,1,0.094,0,,,,,76.711,0,,,,,0.365,0,0.940,0.000,0.880,0,,,12.823,0,V (Johnson),5456,0,0,2018-02-15,,12.604,10
65,K2-158 b,201132684,K2-158 b,11 59 45.597,-05 43 18.15,Transit,1,0.235,0,,,,,88.405,0,,,,,10.062,0,0.930,0.000,0.890,0,,,11.774,0,V (Johnson),5489,0,0,2018-02-15,,11.678,10
66,K2-159 b,201225286,K2-159 b,12 02 09.815,-03 34 50.60,Transit,1,0.197,0,,,,,89.065,0,,,,,12.421,0,0.890,0.000,0.830,0,,,11.994,0,V (Johnson),5419,0,0,2018-02-15,,11.729,10
67,K2-160 b,201227197,K2-160 b,12 16 13.099,-03 33 11.10,Transit,1,0.284,0,,,,,88.254,0,,,,,3.706,0,0.980,0.000,0.910,0,,,12.649,0,V (Johnson),5649,0,0,2018-02-15,,12.486,10
68,K2-161 b,201231064,K2-161 b,12 15 10.521,-03 29 44.20,Transit,1,0.546,0,,,,,87.251,0,,,,,9.283,0,0.990,0.000,2.570,0,,,12.631,0,V (Johnson),4972,0,0,2018-02-15,,12.358,10
69,K2-162 b,201390048,K2-162 b,12 24 09.280,-01 06 40.86,Transit,1,0.133,0,,,,,88.761,0,,,,,9.458,0,0.780,0.000,0.730,0,,,12.300,0,V (Johnson),4885,0,0,2018-02-15,,11.961,10
70,K2-163 b,201427874,K2-163 b,12 09 19.043,-00 32 20.60,Transit,1,0.220,0,,,,,88.253,0,,,,,6.673,0,0.830,0.000,0.760,0,,,13.129,0,V (Johnson),4937,0,0,2018-02-15,,12.819,10
71,K2-164 b,201460826,K2-164 b,11 27 44.081,-00 03 46.22,Transit,1,0.290,0,,,,,87.890,0,,,,,17.355,0,1.180,0.000,2.200,0,,,11.235,0,V (Johnson),5791,0,0,2018-02-15,,11.130,1
72,K2-165 b,201528828,K2-165 b,12 19 36.079,+00 58 06.23,Transit,3,0.114,0,,,,,87.083,0,,,,,2.355,0,0.830,0.000,0.800,0,,,11.331,0,V (Johnson),5185,0,0,2018-02-15,,11.415,10
73,K2-165 c,201528828,K2-165 c,12 19 36.079,+00 58 06.23,Transit,3,0.139,0,,,,,87.054,0,,,,,4.383,0,0.830,0.000,0.800,0,,,11.331,0,V (Johnson),5185,0,0,2018-02-15,,11.415,10
74,K2-30 b,210957318,K2-30 b,03 29 22.071,+22 17 57.85,Transit,1,1.039,0,0.048,0,0.000,0,86.920,0,0.579,0,0.640,0,4.099,0,0.900,0.000,0.840,0,,,13.530,0,V (Johnson),5425,0,0,2016-04-14,,13.171,4
75,K2-95 b,211916756,K2-95 b,08 37 27.059,+18 58 36.07,Transit,1,0.310,0,0.065,0,,,88.770,0,0.035,0,,,10.134,0,0.360,0.000,0.400,0,,,15.498,0,Kepler-band,3471,0,2,2016-09-08,,15.498,5
76,K2-96 b,220383386,HD 3167 b,00 34 57.524,+04 22 53.29,Transit,3,0.152,0,0.018,0,0.000,0,83.400,0,0.016,0,5.600,0,0.960,0,0.860,0.000,0.860,0,45.800,0,8.940,0,V (Johnson),5261,0,0,2017-06-08,,8.945,8
77,K2-96 c,220383386,HD 3167 c,00 34 57.524,+04 22 53.29,Transit,3,0.269,0,0.179,0,0.267,1,89.300,0,0.031,0,1.970,0,29.845,0,0.860,0.000,0.860,0,45.800,0,8.940,0,V (Johnson),5261,0,0,2017-06-08,,8.945,8
78,K2-99 b,212803289,K2-99 b,13 55 05.698,-05 26 32.88,Transit,1,1.290,0,0.159,0,0.190,0,87.700,0,0.970,0,,,18.249,0,1.600,0.000,3.100,0,,,11.149,0,V (Johnson),5990,0,0,2016-10-06,10.891,11.014,6
79,K2-100 b,211990866,K2-100 b,08 38 24.302,+20 06 21.83,Transit,1,0.312,0,,,0.240,0,85.100,0,,,,,1.674,0,1.180,0.000,1.190,0,,,10.651,0,V (Johnson),6120,0,1,2016-12-21,,10.408,5
80,K2-101 b,211913977,K2-101 b,08 41 22.581,+18 56 01.95,Transit,1,0.178,0,,,0.100,0,89.400,0,,,,,14.677,0,0.800,0.000,0.730,0,,,12.957,0,V (Johnson),4819,0,1,2016-12-21,,12.619,5
81,K2-102 b,211970147,K2-102 b,08 40 13.451,+19 46 43.72,Transit,1,0.116,0,,,0.100,0,89.000,0,,,,,9.916,0,0.770,0.000,0.710,0,,,13.200,0,V (Johnson),4695,0,1,2016-12-21,,12.872,5
82,K2-103 b,211822797,EPIC 211822797 b,08 41 38.489,+17 38 24.02,Transit,1,0.177,0,0.131,0,0.060,0,89.730,0,,0,,0,21.170,0,0.660,0.000,0.570,0,,,15.256,0,V (Johnson),4148.21,0,1,2017-10-26,,14.568,5
83,K2-104 b,211969807,K2-104 b,08 38 32.820,+19 46 25.78,Transit,1,0.175,0,0.023,0,0.090,0,88.000,0,,0,,0,1.974,0,0.430,0.000,0.490,0,,,15.149,0,Kepler-band,3546.46,0,1,2017-10-26,,15.149,5
84,K2-107 b,216468514,K2-107 b,18 59 56.492,-22 17 36.25,Transit,1,1.440,0,0.048,0,0.000,0,81.900,0,0.840,0,0.350,0,3.314,0,1.300,0.000,1.780,0,,,12.920,0,V (Johnson),6030,0,1,2017-02-02,,12.749,7
85,K2-111 b,210894022,K2-111 b,03 59 33.541,+21 17 55.27,Transit,1,0.170,0,0.062,0,0.000,0,86.200,0,0.027,0,6.600,0,5.351,0,0.880,0.000,1.230,0,,,11.137,0,V (Johnson),5730,0,0,2017-05-10,,12.300,4
86,K2-135 b,246389858,GJ 9827 b,23 27 04.834,-01 17 10.58,Transit,3,0.156,0,0.020,0,,0,85.080,0,,0,,0,1.209,0,0.660,0.000,0.650,0,30.300,0,10.510,0,V (Johnson),4255,0,0,2017-11-02,,10.277,12
87,K2-135 c,246389858,GJ 9827 c,23 27 04.834,-01 17 10.58,Transit,3,0.121,0,0.042,0,,0,87.810,0,,0,,0,3.648,0,0.660,0.000,0.650,0,30.300,0,10.510,0,V (Johnson),4255,0,0,2017-11-02,,10.277,12
88,K2-135 d,246389858,GJ 9827 d,23 27 04.834,-01 17 10.58,Transit,3,0.187,0,0.060,0,,0,87.390,0,,0,,0,6.201,0,0.660,0.000,0.650,0,30.300,0,10.510,0,V (Johnson),4255,0,0,2017-11-02,,10.277,12
89,K2-136 b,247589423,K2-136 b,04 29 38.990,+22 52 57.80,Transit,3,0.088,0,,0,0.100,0,89.300,0,,0,,0,7.975,0,0.740,0.000,0.660,0,,,,,,4499,0,0,2017-11-09,,,13
90,K2-136 c,247589423,K2-136 c,04 29 38.990,+22 52 57.80,Transit,3,0.260,0,,0,0.130,0,89.600,0,,0,,0,17.307,0,0.740,0.000,0.660,0,,,,,,4499,0,0,2017-11-09,,,13
91,K2-136 d,247589423,K2-136 d,04 29 38.990,+22 52 57.80,Transit,3,0.129,0,,0,0.140,0,89.400,0,,0,,0,25.575,0,0.740,0.000,0.660,0,,,,,,4499,0,0,2017-11-09,,,13
92,K2-139 b,218916923,K2-139 b,19 16 15.967,-17 54 38.48,Transit,1,0.808,0,0.179,0,0.120,0,89.620,0,0.387,0,0.910,0,28.382,0,0.920,0.000,0.860,0,152.000,0,11.653,0,V (Johnson),5340,0,0,2017-12-14,11.373,11.470,7
93,K2-165 d,201528828,K2-165 d,12 19 36.079,+00 58 06.23,Transit,3,0.236,0,,,,,89.002,0,,,,,14.101,0,0.830,0.000,0.800,0,,,11.331,0,V (Johnson),5185,0,0,2018-02-15,,11.415,10
94,K2-166 b,201615463,K2-166 b,12 20 45.190,+02 16 56.77,Transit,1,0.163,0,,,,,87.429,0,,,,,8.527,0,1.070,0.000,1.200,0,,,12.074,0,V (Johnson),5922,0,0,2018-02-15,,11.964,10
95,K2-167 b,205904628,K2-167 b,22 26 18.186,-18 00 40.22,Transit,1,0.252,0,,,,,88.604,0,,,,,9.977,0,1.020,0.000,1.830,0,78.120,0,8.239,0,V (Johnson),5908,0,0,2018-02-15,,8.220,3
96,K2-168 b,205950854,K2-168 b,22 12 26.375,-16 20 30.32,Transit,1,0.191,0,,,,,88.948,0,,,,,15.854,0,0.910,0.000,0.870,0,,,12.291,0,V (Johnson),5554,0,0,2018-02-15,,12.105,3
97,K2-169 b,206007892,K2-169 b,22 28 10.627,-14 35 57.77,Transit,1,0.114,0,,,,,87.837,0,,,,,6.381,0,0.990,0.000,0.920,0,,,12.229,0,V (Johnson),5548,0,0,2018-02-15,,12.023,3
98,K2-170 b,206008091,K2-170 b,22 21 48.171,-14 35 35.83,Transit,2,0.127,0,,,,,87.989,0,,,,,7.577,0,0.960,0.000,0.980,0,,,12.633,0,V (Johnson),5748,0,0,2018-02-15,,12.506,3
99,K2-170 c,206008091,K2-170 c,22 21 48.171,-14 35 35.83,Transit,2,0.161,0,,,,,88.668,0,,,,,12.400,0,0.960,0.000,0.980,0,,,12.633,0,V (Johnson),5748,0,0,2018-02-15,,12.506,3
100,K2-171 b,206049764,K2-171 b,22 09 21.797,-13 25 43.91,Transit,1,0.240,0,,,,,85.048,0,,,,,5.628,0,0.890,0.000,1.720,0,,,12.660,0,V (Johnson),5250,0,0,2018-02-15,,12.445,3
101,K2-172 b,206082454,K2-172 b,22 21 14.011,-12 33 24.84,Transit,2,0.149,0,,,,,88.914,0,,,,,14.317,0,0.930,0.000,0.870,0,,,12.438,0,V (Johnson),5569,0,0,2018-02-15,,12.308,3
102,K2-172 c,206082454,K2-172 c,22 21 14.011,-12 33 24.84,Transit,2,0.286,0,,,,,89.497,0,,,,,29.627,0,0.930,0.000,0.870,0,,,12.438,0,V (Johnson),5569,0,0,2018-02-15,,12.308,3
103,K2-80 d,210403955,K2-80  d,03 56 08.997,+13 33 33.44,,,,,,,,,,,,,,,,,,,,,,,,,,,,,,,12.388,4
104,K2-173 b,210512842,K2-173 b,04 01 29.988,+15 37 30.13,Transit,1,0.143,0,,,,,87.826,0,,,,,5.869,0,0.880,0.000,0.840,0,,,12.403,0,V (Johnson),5580,0,0,2018-02-15,,12.106,4
105,K2-174 b,210558622,K2-174 b,04 03 10.282,+16 20 50.81,Transit,1,0.222,0,,,,,88.944,0,,,,,19.563,0,0.670,0.000,0.640,0,,,12.424,0,V (Johnson),4500,0,0,2018-02-15,,12.034,4
106,K2-175 b,210643811,K2-175 b,03 30 00.859,+17 35 03.09,Transit,1,0.182,0,,,,,87.494,0,,,,,9.526,0,1.090,0.000,1.420,0,,,10.836,0,V (Johnson),5909,0,0,2018-02-15,,10.632,4
107,K2-176 b,210667381,K2-176 b,03 53 04.600,+17 54 25.46,Transit,1,0.133,0,,,,,88.063,0,,,,,5.329,0,0.940,0.000,0.860,0,,,12.893,0,V (Johnson),5428,0,0,2018-02-15,,12.674,4
108,K2-177 b,210857328,K2-177 b,03 40 55.096,+20 44 09.88,Transit,1,0.189,0,,,,,87.220,0,,,,,14.155,0,1.210,0.000,1.210,0,,,12.645,0,V (Johnson),6063,0,0,2018-02-15,,12.584,4
109,K2-178 b,210965800,K2-178 b,03 31 33.332,+22 26 05.53,Transit,1,0.317,0,,,,,88.611,0,,,,,8.748,0,0.950,0.000,0.890,0,,,12.403,0,V (Johnson),5525,0,0,2018-02-15,,12.134,4
110,K2-179 b,211048999,K2-179 b,03 55 11.256,+23 45 24.51,Transit,1,0.224,0,,,,,88.755,0,,,,,5.172,0,0.820,0.000,0.770,0,,,12.956,0,V (Johnson),5015,0,0,2018-02-15,,12.659,4
111,K2-180 b,211319617,K2-180 b,08 25 51.345,+10 14 49.08,Transit,1,0.215,0,,,,,88.730,0,,,,,8.866,0,0.730,0.000,0.680,0,,,12.601,0,V (Johnson),5263,0,0,2018-02-15,,12.393,5
112,K2-181 b,211355342,K2-181 b,08 30 12.967,+10 54 37.06,Transit,1,0.241,0,,,,,88.616,0,,,,,6.894,0,1.040,0.000,1.000,0,,,12.749,0,V (Johnson),5609,0,0,2018-02-15,,12.637,5
113,K2-182 b,211359660,K2-182 b,08 40 43.279,+10 58 58.59,Transit,1,0.247,0,,,,,88.279,0,,,,,4.737,0,0.850,0.000,0.790,0,,,11.997,0,V (Johnson),5159,0,0,2018-02-15,,11.742,5
114,K2-183 b,211562654,K2-183 b,08 20 01.717,+14 01 10.06,Transit,3,0.232,0,,,,,25.034,0,,,,,0.469,0,0.940,0.000,0.870,0,,,12.846,0,V (Johnson),5482,0,0,2018-02-15,,12.754,5
115,K2-183 c,211562654,K2-183 c,08 20 01.717,+14 01 10.06,Transit,3,0.224,0,,,,,88.414,0,,,,,10.793,0,0.940,0.000,0.870,0,,,12.846,0,V (Johnson),5482,0,0,2018-02-15,,12.754,5
116,K2-183 d,211562654,K2-183 d,08 20 01.717,+14 01 10.06,Transit,3,0.227,0,,,,,89.375,0,,,,,22.629,0,0.940,0.000,0.870,0,,,12.846,0,V (Johnson),5482,0,0,2018-02-15,,12.754,5
117,K2-184 b,211594205,K2-184 b,08 36 33.625,+14 27 42.97,Transit,1,0.137,0,,,,,89.466,0,,,,,16.993,0,0.820,0.000,0.760,0,,,10.345,0,V (Johnson),5252,0,0,2018-02-15,,10.680,5
118,K2-185 b,211611158,K2-185 b,08 41 02.318,+14 41 25.15,Transit,1,0.117,0,,,,,88.932,0,,,,,10.617,0,0.980,0.000,0.910,0,,,12.215,0,V (Johnson),5722,0,0,2018-02-15,,12.414,5
119,K2-186 b,211906650,K2-186 b,09 01 20.394,+18 49 31.64,Transit,1,0.283,0,,,,,89.524,0,,,,,41.474,0,1.020,0.000,0.980,0,,,12.307,0,V (Johnson),5784,0,0,2018-02-15,,12.193,5
120,K2-187 b,212157262,K2-187 b,08 50 05.665,+23 11 33.36,Transit,4,0.123,0,,,,,81.930,0,,,,,0.774,0,0.970,0.000,0.890,0,,,13.081,0,V (Johnson),5477,0,0,2018-02-15,,12.864,5
121,K2-187 c,212157262,K2-187 c,08 50 05.665,+23 11 33.36,Transit,4,0.152,0,,,,,86.067,0,,,,,2.872,0,0.970,0.000,0.890,0,,,13.081,0,V (Johnson),5477,0,0,2018-02-15,,12.864,5
122,K2-187 d,212157262,K2-187 d,08 50 05.665,+23 11 33.36,Transit,4,0.287,0,,,,,87.483,0,,,,,7.149,0,0.970,0.000,0.890,0,,,13.081,0,V (Johnson),5477,0,0,2018-02-15,,12.864,5
123,K2-187 e,212157262,K2-187 e,08 50 05.665,+23 11 33.36,Transit,4,0.201,0,,,,,88.970,0,,,,,13.608,0,0.970,0.000,0.890,0,,,13.081,0,V (Johnson),5477,0,0,2018-02-15,,12.864,5
124,K2-188 b,212164470,K2-188 b,08 39 15.271,+23 21 26.93,Transit,2,0.112,0,,,,,83.928,0,,,,,1.743,0,1.110,0.000,1.110,0,,,12.646,0,V (Johnson),5982,0,0,2018-02-15,,12.704,5
125,K2-188 c,212164470,K2-188 c,08 39 15.271,+23 21 26.93,Transit,2,0.234,0,,,,,88.098,0,,,,,7.808,0,1.110,0.000,1.110,0,,,12.646,0,V (Johnson),5982,0,0,2018-02-15,,12.704,5
126,K2-189 b,212394689,K2-189 b,13 34 29.110,-15 02 10.89,Transit,2,0.135,0,,,,,88.113,0,,,,,5.176,0,0.930,0.000,0.860,0,,,12.399,0,V (Johnson),5503,0,0,2018-02-15,,12.206,6
127,K2-189 c,212394689,K2-189 c,13 34 29.110,-15 02 10.89,Transit,2,0.222,0,,,,,88.183,0,,,,,6.679,0,0.930,0.000,0.860,0,,,12.399,0,V (Johnson),5503,0,0,2018-02-15,,12.206,6
128,K2-190 b,212480208,K2-190 b,13 41 27.239,-13 09 39.23,Transit,2,0.121,0,,,,,88.357,0,,,,,10.099,0,0.900,0.000,0.910,0,,,11.138,0,V (Johnson),5631,0,0,2018-02-15,,10.892,6
129,K2-190 c,212480208,K2-190 c,13 41 27.239,-13 09 39.23,Transit,2,0.098,0,,,,,88.977,0,,,,,21.574,0,0.900,0.000,0.910,0,,,11.138,0,V (Johnson),5631,0,0,2018-02-15,,10.892,6
130,K2-191 b,212496592,K2-191 b,13 26 33.402,-12 48 23.64,Transit,1,0.141,0,,,,,87.051,0,,,,,2.859,0,0.900,0.000,0.840,0,,,13.258,0,V (Johnson),5176,0,0,2018-02-15,,12.966,6
131,K2-192 b,212555594,K2-192 b,13 46 19.746,-11 33 22.51,Transit,1,0.140,0,,,,,88.392,0,,,,,4.163,0,0.870,0.000,0.830,0,,,12.704,0,V (Johnson),5252,0,0,2018-02-15,,12.482,6
132,K2-193 b,212580872,K2-193 b,13 40 56.895,-11 00 33.47,Transit,1,0.358,0,,,,,89.193,0,,,,,14.787,0,0.990,0.000,0.960,0,,,13.251,0,V (Johnson),5623,0,0,2018-02-15,,13.047,6
133,K2-194 b,212672300,K2-194 b,13 38 26.144,-08 55 37.74,Transit,1,0.325,0,,,,,89.065,0,,,,,39.721,0,1.110,0.000,1.280,0,,,12.908,0,V (Johnson),5979,0,0,2018-02-15,,12.846,6
134,K2-195 b,212689874,K2-195 b,13 19 19.563,-08 30 34.13,Transit,2,0.262,0,,,,,89.041,0,,,,,15.854,0,0.960,0.000,0.910,0,,,12.497,0,V (Johnson),5712,0,0,2018-02-15,,12.330,6
135,K2-195 c,212689874,K2-195 c,13 19 19.563,-08 30 34.13,Transit,2,0.230,0,,,,,88.537,0,,,,,28.483,0,0.960,0.000,0.910,0,,,12.497,0,V (Johnson),5712,0,0,2018-02-15,,12.330,6
136,K2-196 b,212691422,K2-196 b,13 21 49.523,-08 28 18.20,Transit,1,0.321,0,,,,,88.274,0,,,,,48.324,0,1.160,0.000,1.540,0,,,12.060,0,V (Johnson),6045,0,0,2018-02-15,,11.923,6
137,K2-197 b,212735333,K2-197 b,13 29 34.479,-07 22 26.41,Transit,1,0.223,0,,,,,88.509,0,,,,,8.358,0,0.970,0.000,0.910,0,,,12.157,0,V (Johnson),5675,0,0,2018-02-15,,11.977,6
138,K2-198 b,212768333,K2-198 b,13 15 22.515,-06 27 53.59,Transit,1,0.367,0,,,,,89.397,0,,,,,17.043,0,0.840,0.000,0.780,0,,,10.971,0,V (Johnson),5262,0,0,2018-02-15,,11.022,6
139,K2-199 b,212779596,K2-199 b,13 55 36.409,-06 08 10.11,Transit,2,0.168,0,,,,,87.182,0,,,,,3.225,0,0.710,0.000,0.670,0,,,12.289,0,V (Johnson),4681,0,0,2018-02-15,,11.930,6
140,K2-199 c,212779596,K2-199 c,13 55 36.409,-06 08 10.11,Transit,2,0.253,0,,,,,88.893,0,,,,,7.374,0,0.710,0.000,0.670,0,,,12.289,0,V (Johnson),4681,0,0,2018-02-15,,11.930,6
141,K2-200 b,212828909,K2-200 b,13 29 00.384,-04 36 36.82,Transit,1,0.122,0,,,,,87.968,0,,,,,2.850,0,0.860,0.000,0.790,0,,,12.459,0,V (Johnson),5233,0,0,2018-02-15,,12.244,6
142,K2-201 b,216008129,K2-201 b,19 34 14.575,-23 07 51.73,Transit,2,0.125,0,,,,,84.414,0,,,,,1.060,0,0.960,0.000,0.880,0,,,12.809,0,V (Johnson),5507,0,0,2018-02-15,,11.966,7
143,K2-201 c,216008129,K2-201 c,19 34 14.575,-23 07 51.73,Transit,2,0.293,0,,,,,89.272,0,,,,,22.780,0,0.960,0.000,0.880,0,,,12.809,0,V (Johnson),5507,0,0,2018-02-15,,11.966,7
144,K2-202 b,216405287,K2-202 b,18 53 03.428,-22 24 25.32,Transit,1,0.205,0,,,,,87.672,0,,,,,3.405,0,0.970,0.000,0.910,0,,,13.297,0,V (Johnson),5491,0,0,2018-02-15,,12.997,7
145,K2-203 b,220170303,K2-203 b,00 51 05.698,-01 11 45.21,Transit,1,0.122,0,,,,,88.430,0,,,,,9.695,0,0.790,0.000,0.760,0,,,12.353,0,V (Johnson),5000,0,0,2018-02-15,,12.114,8
146,K2-204 b,220186645,K2-204 b,01 09 31.806,-00 31 03.43,Transit,1,0.272,0,,,,,87.649,0,,,,,7.056,0,1.010,0.000,1.180,0,,,13.010,0,V (Johnson),5755,0,0,2018-02-15,,12.961,8
147,K2-205 b,220211923,K2-205 b,01 00 52.197,+00 25 33.59,Transit,1,0.178,0,,,,,89.097,0,,,,,26.672,0,0.950,0.000,1.080,0,,,12.391,0,V (Johnson),5890,0,0,2018-02-15,,12.250,8
148,K2-206 b,220216730,K2-206 b,00 45 01.515,+00 35 35.73,Transit,1,0.249,0,,,,,89.112,0,,,,,18.295,0,0.790,0.000,0.760,0,,,13.100,0,V (Johnson),5043,0,0,2018-02-15,,12.826,8
149,K2-207 b,220218012,K2-207 b,00 46 47.929,+00 38 26.87,Transit,1,0.232,0,,,,,88.620,0,,,,,12.487,0,0.940,0.000,0.930,0,,,13.166,0,V (Johnson),5522,0,0,2018-02-15,,12.971,8
150,K2-208 b,220225178,K2-208 b,01 23 06.983,+00 53 21.04,Transit,1,0.150,0,,,,,88.043,0,,,,,4.191,0,0.930,0.000,0.860,0,,,12.503,0,V (Johnson),5582,0,0,2018-02-15,,12.302,8
151,K2-209 b,220241529,K2-209 b,00 58 45.763,+01 23 01.72,Transit,1,0.077,0,,,,,86.231,0,,,,,2.081,0,0.740,0.000,0.710,0,,,11.205,0,V (Johnson),4720,0,0,2018-02-15,,10.717,8
152,K2-210 b,220250254,K2-210 b,01 10 33.825,+01 34 41.76,Transit,1,0.073,0,,,,,84.105,0,,,,,0.570,0,0.910,0.000,0.850,0,,,11.535,0,V (Johnson),5396,0,0,2018-02-15,,11.507,8
153,K2-211 b,220256496,K2-211 b,01 24 25.429,+01 42 17.83,Transit,1,0.123,0,,,,,81.569,0,,,,,0.670,0,0.880,0.000,0.820,0,,,13.075,0,V (Johnson),5221,0,0,2018-02-15,,12.872,8
154,K2-212 b,220321605,K2-212 b,01 13 41.618,+03 05 48.97,Transit,1,0.213,0,,,,,89.191,0,,,,,9.795,0,0.620,0.000,0.600,0,,,13.100,0,V (Johnson),4349,0,0,2018-02-15,,12.588,8
155,K2-213 b,220341183,K2-213 b,00 52 33.673,+03 30 27.74,Transit,1,0.135,0,,,,,87.862,0,,,,,8.131,0,1.070,0.000,1.200,0,,,11.803,0,V (Johnson),5794,0,0,2018-02-15,,12.043,8
156,K2-214 b,220376054,K2-214 b,00 59 30.258,+04 13 40.07,Transit,1,0.198,0,,,,,88.145,0,,,,,8.597,0,1.020,0.000,1.120,0,,,11.805,0,V (Johnson),5768,0,0,2018-02-15,,11.597,8
157,K2-215 b,220471666,K2-215 b,01 13 52.821,+06 07 26.05,Transit,1,0.189,0,,,,,88.984,0,,,,,8.270,0,1.000,0.000,0.970,0,,,12.986,0,V (Johnson),5704,0,0,2018-02-15,,12.798,8
158,K2-216 b,220481411,K2-216 b,00 45 55.260,+06 20 49.10,Transit,1,0.150,0,,,,,87.007,0,,,,,2.175,0,0.700,0.000,0.670,0,,,12.476,0,V (Johnson),4591,0,0,2018-02-15,,12.100,8
159,K2-217 b,220487418,K2-217 b,00 45 11.614,+06 28 53.62,Transit,1,0.319,0,,,,,88.043,0,,,,,14.075,0,1.100,0.000,1.330,0,,,12.187,0,V (Johnson),5967,0,0,2018-02-15,,12.062,8
160,K2-218 b,220503236,K2-218 b,00 51 14.318,+06 50 47.26,Transit,1,0.229,0,,,,,88.453,0,,,,,8.680,0,1.050,0.000,1.010,0,,,12.876,0,V (Johnson),5757,0,0,2018-02-15,,12.713,8
161,K2-219 b,220592745,K2-219 b,00 51 22.874,+08 52 03.50,Transit,3,0.120,0,,,,,86.795,0,,,,,3.901,0,1.020,0.000,1.190,0,,,12.090,0,V (Johnson),5753,0,0,2018-02-15,,11.923,8
162,K2-219 c,220592745,K2-219 c,00 51 22.874,+08 52 03.50,Transit,3,0.128,0,,,,,87.269,0,,,,,6.668,0,1.020,0.000,1.190,0,,,12.090,0,V (Johnson),5753,0,0,2018-02-15,,11.923,8
163,K2-219 d,220592745,K2-219 d,00 51 22.874,+08 52 03.50,Transit,3,0.230,0,,,,,88.287,0,,,,,11.137,0,1.020,0.000,1.190,0,,,12.090,0,V (Johnson),5753,0,0,2018-02-15,,11.923,8
164,K2-220 b,220621788,K2-220 b,00 51 04.767,+09 31 00.50,Transit,1,0.198,0,,,,,88.883,0,,,,,13.683,0,0.960,0.000,0.930,0,,,11.890,0,V (Johnson),5599,0,0,2018-02-15,,11.752,8
165,K2-221 b,220650439,K2-221 b,01 06 37.196,+10 11 22.87,Transit,1,0.150,0,,,,,85.447,0,,,,,2.399,0,1.010,0.000,0.950,0,,,12.703,0,V (Johnson),5716,0,0,2018-02-15,,12.232,8
166,K2-222 b,220709978,K2-222 b,01 05 50.947,+11 45 12.32,Transit,1,0.198,0,,,,,88.791,0,,,,,15.389,0,0.950,0.000,1.040,0,,,9.543,0,V (Johnson),5934,0,0,2018-02-15,,9.443,8
167,K2-223 b,228721452,K2-223 b,12 21 13.476,-10 16 55.33,Transit,2,0.081,0,,,,,81.505,0,,,,,0.506,0,1.070,0.000,1.010,0,,,11.431,0,V (Johnson),5859,0,0,2018-02-15,,11.325,10
168,K2-223 c,228721452,K2-223 c,12 21 13.476,-10 16 55.33,Transit,2,0.144,0,,,,,87.454,0,,,,,4.564,0,1.070,0.000,1.010,0,,,11.431,0,V (Johnson),5859,0,0,2018-02-15,,11.325,10
169,K2-224 b,228725972,K2-224 b,12 38 48.981,-10 03 38.35,Transit,1,0.148,0,,,,,87.860,0,,,,,4.479,0,0.900,0.000,0.840,0,,,12.682,0,V (Johnson),5614,0,0,2018-02-15,,12.482,10
170,K2-225 b,228734900,K2-225 b,12 26 09.910,-09 37 29.29,Transit,1,0.237,0,,,,,88.449,0,,,,,15.871,0,1.110,0.000,1.210,0,,,11.836,0,V (Johnson),5733,0,0,2018-02-15,,11.535,10
171,K2-226 b,228736155,K2-226 b,12 14 34.980,-09 33 45.51,Transit,1,0.133,0,,,,,86.719,0,,,,,3.271,0,0.890,0.000,0.820,0,,,12.308,0,V (Johnson),5397,0,0,2018-02-15,,12.042,10
172,K2-227 b,228760097,K2-227 b,12 43 47.633,-08 28 41.65,Transit,1,0.149,0,,,,,88.374,0,,,,,13.622,0,0.950,0.000,0.890,0,,,12.015,0,V (Johnson),5673,0,0,2018-02-15,,11.512,10
173,K2-228 b,228798746,K2-228 b,12 29 10.748,-06 50 03.33,Transit,1,0.124,0,,,,,87.465,0,,,,,2.698,0,0.740,0.000,0.700,0,,,12.995,0,V (Johnson),4764,0,0,2018-02-15,,12.660,10
174,K2-229 b,228801451,K2-229 b,12 27 29.582,-06 43 18.70,Transit,2,0.112,0,,,,,81.594,0,,,,,0.584,0,0.860,0.000,0.800,0,,,10.985,0,V (Johnson),5231,0,0,2018-02-15,,10.955,10
175,K2-229 c,228801451,K2-229 c,12 27 29.582,-06 43 18.70,Transit,2,0.193,0,,,,,88.329,0,,,,,8.328,0,0.860,0.000,0.800,0,,,10.985,0,V (Johnson),5231,0,0,2018-02-15,,10.955,10
176,K2-230 b,228804845,K2-230 b,12 45 27.169,-06 34 33.99,Transit,1,0.173,0,,,,,85.990,0,,,,,2.861,0,1.130,0.000,1.180,0,,,12.707,0,V (Johnson),6002,0,0,2018-02-15,,12.551,10
177,K2-33 b,205117205,K2-33 b,16 10 14.736,-19 19 09.38,Transit,1,0.450,0,,,0.000,0,89.100,0,3.700,1,,,5.425,0,0.560,0.000,1.050,0,,,15.714,0,V (Johnson),3540,0,0,2016-06-23,,14.357,2
178,K2-41 b,212697709,WASP-157 b,13 26 37.247,-08 19 03.22,Transit,1,1.065,0,0.053,0,0.000,0,84.930,0,0.574,0,0.640,0,3.952,0,1.260,0.000,1.130,0,,,12.910,0,V (Johnson),5838,0,0,2016-06-23,12.098,12.193,6
179,K2-56 b,210848071,BD+20 594 b,03 34 36.232,+20 35 57.24,Transit,1,0.199,0,0.241,0,0.000,0,89.550,0,0.051,0,7.890,0,41.685,0,0.960,0.000,0.930,0,,,11.038,0,V (Johnson),5766,0,1,2016-07-28,10.794,11.040,4
180,K2-108 b,211736671,K2-108 b,08 13 31.650,+16 25 10.59,Transit,1,0.471,0,0.057,0,0.180,0,,,0.187,0,2.220,0,4.734,0,1.120,0.000,1.750,0,,,12.330,0,V (Johnson),5474,0,0,2017-02-09,,12.160,5
181,K2-96 d,220383386,HD 3167 d,00 34 57.524,+04 22 53.29,Radial Velocity,3,,,0.078,0,0.360,1,,,0.022,0,,,8.509,0,0.860,0.000,0.860,0,45.800,0,8.940,0,V (Johnson),5261,0,0,2017-06-08,,8.945,8
182,K2-114 b,211418729,K2-114 b,08 31 31.912,+11 55 20.15,Transit,1,0.942,0,0.093,0,0.000,0,89.530,0,1.850,0,2.990,0,11.391,0,0.830,0.000,0.830,0,,,14.556,0,V (Johnson),5027,0,0,2017-09-15,,14.286,5
183,K2-115 b,211442297,K2-115 b,08 26 12.827,+12 16 54.97,Transit,1,1.115,0,0.137,0,0.137,0,88.820,0,0.840,0,0.820,0,20.273,0,0.830,0.000,0.880,0,,,13.362,0,V (Johnson),5560,0,0,2017-09-28,,13.192,5
184,K2-137 b,228813918,K2-137 b,12 27 28.975,-06 11 42.81,Transit,1,0.079,0,0.006,0,0.000,0,89.600,0,0.500,1,,0,0.180,0,0.460,0.000,0.440,0,,,15.498,0,V (Johnson),3492,0,0,2017-11-16,,14.534,10
185,K2-138 b,245950175,K2-138 b,23 15 47.769,-10 50 58.91,Transit,5,0.140,0,0.034,0,0.403,1,86.900,0,,0,,0,2.353,0,0.930,0.000,0.860,0,183.000,0,12.210,0,V (Johnson),5378,0,0,2018-01-11,,12.069,12
186,K2-138 c,245950175,K2-138 c,23 15 47.769,-10 50 58.91,Transit,5,0.225,0,0.045,0,0.296,1,87.500,0,,0,,0,3.560,0,0.930,0.000,0.860,0,183.000,0,12.210,0,V (Johnson),5378,0,0,2018-01-11,,12.069,12
187,K2-138 d,245950175,K2-138 d,23 15 47.769,-10 50 58.91,Transit,5,0.237,0,0.059,0,0.348,1,87.900,0,,0,,0,5.405,0,0.930,0.000,0.860,0,183.000,0,12.210,0,V (Johnson),5378,0,0,2018-01-11,,12.069,12
188,K2-138 e,245950175,K2-138 e,23 15 47.769,-10 50 58.91,Transit,5,0.294,0,0.078,0,0.315,1,88.700,0,,0,,0,8.261,0,0.930,0.000,0.860,0,183.000,0,12.210,0,V (Johnson),5378,0,0,2018-01-11,,12.069,12
189,K2-138 f,245950175,K2-138 f,23 15 47.769,-10 50 58.91,Transit,5,0.251,0,0.104,0,0.364,1,89.030,0,,0,,0,12.758,0,0.930,0.000,0.860,0,183.000,0,12.210,0,V (Johnson),5378,0,0,2018-01-11,,12.069,12
190,K2-22 b,201637175,K2-22 b,11 17 55.877,+02 37 08.65,Transit,1,0.223,1,0.009,0,,,,,1.400,1,,,0.381,0,0.600,0.000,0.570,0,,,15.597,0,V (Johnson),3830,0,0,2015-10-15,,14.928,1
191,K2-23 b,206103150,WASP-47 b,22 04 48.731,-12 01 07.99,Transit,4,1.150,0,0.052,0,0.003,0,89.020,0,1.210,0,0.980,0,4.161,0,1.110,0.000,1.160,0,200.000,0,11.900,0,V (Johnson),5576,0,1,2016-12-01,,11.762,3
192,K2-23 c,206103150,WASP-47 c,22 04 48.731,-12 01 07.99,Radial Velocity,4,,,1.410,0,0.360,0,87.000,0,1.570,0,,,580.700,0,1.110,0.000,1.160,0,200.000,0,11.900,0,V (Johnson),5576,0,1,2016-12-01,,11.762,3
193,K2-23 d,206103150,WASP-47 d,22 04 48.731,-12 01 07.99,Transit,4,0.331,0,0.088,0,0.006,0,89.220,0,0.053,0,1.800,0,9.095,0,1.110,0.000,1.160,0,200.000,0,11.900,0,V (Johnson),5576,0,1,2016-12-01,,11.762,3
194,K2-23 e,206103150,WASP-47 e,22 04 48.731,-12 01 07.99,Transit,4,0.162,0,0.017,0,0.030,0,86.200,0,0.029,0,8.500,0,0.790,0,1.110,0.000,1.160,0,200.000,0,11.900,0,V (Johnson),5576,0,1,2016-12-01,,11.762,3
195,K2-24 b,203771098,K2-24 b,16 10 17.692,-24 59 25.20,Transit,2,0.520,0,0.154,0,,,88.950,0,,,,,20.885,0,1.120,0.000,1.210,0,,,11.070,0,V (Johnson),5743,0,0,2016-07-07,10.860,11.648,2
196,K2-24 c,203771098,K2-24 c,16 10 17.692,-24 59 25.20,Transit,2,0.723,0,0.247,0,,,89.430,0,,,,,42.363,0,1.120,0.000,1.210,0,,,11.070,0,V (Johnson),5743,0,0,2016-07-07,10.860,11.648,2
197,K2-27 b,201546283,K2-27 b,11 26 03.640,+01 13 50.66,Transit,1,0.400,0,0.067,0,0.251,0,,,0.097,0,1.870,0,6.771,0,0.870,0.000,0.890,0,,,12.640,0,V (Johnson),5248,0,0,2017-02-09,,12.428,1
198,K2-28 b,206318379,K2-28 b,22 22 29.854,-07 57 19.32,Transit,1,0.207,0,0.021,0,0.000,0,88.900,0,,,,,2.260,0,0.260,0.000,0.290,0,,,16.061,0,V (Johnson),3214,0,0,2016-02-25,,14.854,3
199,K2-19 d,201505350,K2-19 d,11 39 50.475,+00 36 12.87,Transit,3,0.102,0,0.034,0,,,85.830,0,,,,,2.509,0,0.930,0.000,0.860,0,,,13.000,0,V (Johnson),5430,0,0,2016-07-07,,12.806,1
200,K2-31 b,204129699,K2-31 b,16 21 45.780,-23 32 52.31,Transit,1,1.060,0,0.022,0,0.000,0,79.900,0,1.774,0,,,1.258,0,0.910,0.000,0.780,0,,,10.775,0,V (Johnson),5280,0,1,2016-12-01,10.461,10.607,2
201,K2-32 b,205071984,K2-32 b,16 49 42.261,-19 32 34.16,Transit,3,0.458,0,0.080,0,0.000,0,,,0.052,0,0.670,0,8.992,0,0.860,0.000,0.840,0,,,12.310,0,V (Johnson),5275,0,0,2017-02-09,,12.005,2
202,K2-32 c,205071984,K2-32 d,16 49 42.261,-19 32 34.16,Transit,3,0.306,0,0.186,0,0.000,0,,,0.032,0,1.380,0,31.715,0,0.860,0.000,0.840,0,,,12.310,0,V (Johnson),5275,0,0,2017-02-09,,12.005,2
203,K2-32 d,205071984,K2-32 c,16 49 42.261,-19 32 34.16,Transit,3,0.269,0,0.140,0,0.000,0,,,0.038,1,2.700,1,20.660,0,0.860,0.000,0.840,0,,,12.310,0,V (Johnson),5275,0,0,2017-02-09,,12.005,2
204,K2-34 b,212110888,K2-34 b,08 30 18.906,+22 14 09.27,Transit,1,1.350,0,0.044,0,0.000,0,82.060,0,1.760,0,0.940,0,2.996,0,1.280,0.000,1.530,0,,,11.548,0,V (Johnson),6132,0,0,2016-06-03,11.413,11.441,5
205,K2-40 b,206154641,WASP-75 b,22 49 32.570,-10 40 32.02,Transit,1,1.270,0,0.037,0,0.000,0,82.000,0,1.070,0,0.690,0,2.484,0,1.140,0.000,1.260,0,260.000,0,11.450,0,V (Johnson),6100,0,0,2014-05-14,,11.299,3
206,K2-8 c,201445392,K2-8 c,11 19 10.481,-00 17 03.75,Transit,2,0.215,0,0.053,0,,,86.700,0,,,,,5.064,0,0.780,0.000,0.740,0,,,14.610,0,V (Johnson),4870,0,0,2016-07-07,,14.384,1
207,K2-35 b,201549860,K2-35 b,11 20 24.741,+01 17 09.44,Transit,2,0.172,0,0.055,0,0.120,0,88.580,0,,0,,0,5.608,0,0.700,0.000,0.620,0,,,14.350,0,V (Johnson),4402.71,0,0,2017-10-26,,13.917,1
208,K2-35 c,201549860,K2-35 c,11 20 24.741,+01 17 09.44,Transit,2,0.118,0,0.031,0,0.130,0,88.980,0,,0,,0,2.400,0,0.700,0.000,0.620,0,,,14.350,0,V (Johnson),4402.71,0,0,2017-10-26,,13.917,1
209,K2-36 b,201713348,K2-36 b,11 17 47.776,+03 51 59.01,Transit,2,0.118,0,0.023,0,,,87.750,0,,,,,1.423,0,0.800,0.000,0.740,0,,,11.800,0,V (Johnson),4924,0,0,2016-07-07,,11.531,1
210,K2-36 c,201713348,K2-36 c,11 17 47.776,+03 51 59.01,Transit,2,0.250,0,0.056,0,,,88.330,0,,,,,5.341,0,0.800,0.000,0.740,0,,,11.800,0,V (Johnson),4924,0,0,2016-07-07,,11.531,1
211,K2-37 b,203826436,K2-37 b,16 13 48.241,-24 47 13.42,Transit,3,0.144,0,0.051,0,,,87.280,0,,,,,4.441,0,0.900,0.000,0.850,0,,,12.520,0,V (Johnson),5413,0,0,2016-07-07,,12.241,2
212,K2-37 c,203826436,K2-37 c,16 13 48.241,-24 47 13.42,Transit,3,0.245,0,0.065,0,,,87.370,0,,,,,6.429,0,0.900,0.000,0.850,0,,,12.520,0,V (Johnson),5413,0,0,2016-07-07,,12.241,2
213,K2-37 d,203826436,K2-37 d,16 13 48.241,-24 47 13.42,Transit,3,0.244,0,0.110,0,,,88.340,0,,,,,14.092,0,0.900,0.000,0.850,0,,,12.520,0,V (Johnson),5413,0,0,2016-07-07,,12.241,2
214,K2-38 b,204221263,K2-38 b,16 00 08.060,-23 11 21.43,Transit,2,0.138,0,0.051,0,,,87.280,0,0.038,0,17.500,0,4.016,0,1.070,0.000,1.100,0,,,11.390,0,V (Johnson),5757,0,0,2016-07-07,11.155,11.210,2
215,K2-38 c,204221263,K2-38 c,16 00 08.060,-23 11 21.43,Transit,2,0.216,0,0.096,0,,,88.610,0,0.031,0,3.600,0,10.561,0,1.070,0.000,1.100,0,,,11.390,0,V (Johnson),5757,0,0,2016-07-07,11.155,11.210,2
216,K2-93 b,211311380,HIP 41378 b,08 26 27.850,+10 04 49.36,Transit,5,0.259,0,,,,,88.400,0,,,,,15.571,0,1.150,0.000,1.400,0,116.140,0,8.930,0,V (Johnson),6199,0,0,2016-07-07,8.774,9.128,5
217,K2-93 c,211311380,HIP 41378 c,08 26 27.850,+10 04 49.36,Transit,5,0.228,0,,,,,89.580,0,,,,,31.698,0,1.150,0.000,1.400,0,116.140,0,8.930,0,V (Johnson),6199,0,0,2016-07-07,8.774,9.128,5
218,K2-93 d,211311380,HIP 41378 d,08 26 27.850,+10 04 49.36,Transit,5,0.353,0,,,,,,,,,,,156.000,0,1.150,0.000,1.400,0,116.140,0,8.930,0,V (Johnson),6199,0,0,2016-07-07,8.774,9.128,5
219,K2-93 e,211311380,HIP 41378 e,08 26 27.850,+10 04 49.36,Transit,5,0.492,0,,,,,,,,,,,131.000,0,1.150,0.000,1.400,0,116.140,0,8.930,0,V (Johnson),6199,0,0,2016-07-07,8.774,9.128,5
220,K2-93 f,211311380,HIP 41378 f,08 26 27.850,+10 04 49.36,Transit,5,0.910,0,,,,,,,,,,,324.000,0,1.150,0.000,1.400,0,116.140,0,8.930,0,V (Johnson),6199,0,0,2016-07-07,8.774,9.128,5
221,K2-94 b,201862715,WASP-85 A b,11 43 38.013,+06 33 49.41,Transit,1,1.240,0,0.039,0,0.000,0,89.690,0,1.265,0,0.880,0,2.656,0,1.090,0.000,0.940,0,,,10.720,0,V (Johnson),6112,0,0,2016-07-07,,10.247,1
222,K2-109 c,201437844,HD 106315 c,12 13 53.394,-00 23 36.54,Transit,2,0.393,0,0.150,0,0.180,1,88.480,0,,0,,0,21.058,0,1.030,0.000,1.280,0,,,8.951,0,V (Johnson),6254,0,0,2017-09-28,8.860,9.234,10
223,K2-112 b,246199087,TRAPPIST-1 b,23 06 29.283,-05 02 28.59,Transit,7,0.097,0,0.011,0,0.081,1,89.650,0,0.003,0,3.600,0,1.511,0,0.080,0.000,0.120,0,12.100,0,18.800,0,V (Johnson),2559,0,0,2017-02-22,,12.917,12
224,K2-112 c,246199087,TRAPPIST-1 c,23 06 29.283,-05 02 28.59,Transit,7,0.094,0,0.015,0,0.083,1,89.670,0,0.004,0,6.450,0,2.422,0,0.080,0.000,0.120,0,12.100,0,18.800,0,V (Johnson),2559,0,0,2017-02-22,,12.917,12
225,K2-112 d,246199087,TRAPPIST-1 d,23 06 29.283,-05 02 28.59,Transit,7,0.069,0,0.021,0,0.070,1,89.750,0,0.001,0,4.900,0,4.050,0,0.080,0.000,0.120,0,12.100,0,18.800,0,V (Johnson),2559,0,2,2017-02-22,,12.917,12
226,K2-112 e,246199087,TRAPPIST-1 e,23 06 29.283,-05 02 28.59,Transit,7,0.082,0,0.028,0,0.085,1,89.860,0,0.002,0,4.400,0,6.100,0,0.080,0.000,0.120,0,12.100,0,18.800,0,V (Johnson),2559,0,0,2017-02-22,,12.917,12
227,K2-112 f,246199087,TRAPPIST-1 f,23 06 29.283,-05 02 28.59,Transit,7,0.093,0,0.037,0,0.063,1,89.680,0,0.002,0,3.300,0,9.207,0,0.080,0.000,0.120,0,12.100,0,18.800,0,V (Johnson),2559,0,0,2017-02-22,,12.917,12
228,K2-112 g,246199087,TRAPPIST-1 g,23 06 29.283,-05 02 28.59,Transit,7,0.101,0,0.045,0,0.061,1,89.710,0,0.004,0,5.200,0,12.353,0,0.080,0.000,0.120,0,12.100,0,18.800,0,V (Johnson),2559,0,0,2017-02-22,,12.917,12
229,K2-112 h,246199087,TRAPPIST-1 h,23 06 29.283,-05 02 28.59,Transit,7,0.067,0,,,,,89.760,0,,,,,18.767,0,0.080,0.000,0.120,0,12.100,0,18.800,0,V (Johnson),2559,0,0,2017-06-15,,12.917,12
230,K2-131 b,228732031,K2-131 b,12 11 00.373,-09 45 54.78,Transit,1,0.161,0,,0,0.000,0,85.000,0,0.020,0,6.000,0,0.369,0,0.840,0.000,0.810,0,,,12.115,0,V (Johnson),5200,0,0,2017-10-19,,11.937,10
231,K2-132 b,228754001,K2-132 b,12 08 39.935,-08 44 49.83,Transit,1,1.300,0,,0,,0,,0,0.490,0,,0,9.175,0,1.080,0.000,3.850,0,,,11.897,0,V (Johnson),4840,0,0,2017-10-19,,11.651,10
232,K2-133 b,247887989,K2-133 b,04 40 35.656,+25 00 36.02,Transit,3,0.117,0,0.033,0,,0,87.560,0,,0,,0,3.071,0,0.510,0.000,0.470,0,,,14.288,0,V (Johnson),3655,0,0,2017-10-26,,13.327,13
233,K2-133 c,247887989,K2-133 c,04 40 35.656,+25 00 36.02,Transit,3,0.132,0,0.045,0,,0,88.650,0,,0,,0,4.868,0,0.510,0.000,0.470,0,,,14.288,0,V (Johnson),3655,0,0,2017-10-26,,13.327,13
234,K2-133 d,247887989,K2-133 d,04 40 35.656,+25 00 36.02,Transit,3,0.180,0,0.077,0,,0,89.520,0,,0,,0,11.023,0,0.510,0.000,0.470,0,,,14.288,0,V (Johnson),3655,0,0,2017-10-26,,13.327,13
235,K2-21 b,206011691,K2-21 b,22 41 12.883,-14 29 20.35,Transit,2,0.164,0,0.076,0,0.100,0,88.980,0,,0,,0,9.325,0,0.680,0.000,0.650,0,,,12.850,0,V (Johnson),4222.06,0,0,2017-10-26,,12.316,3
236,K2-21 c,206011691,K2-21 c,22 41 12.883,-14 29 20.35,Transit,2,0.222,0,0.107,0,0.210,0,88.850,0,,0,,0,15.502,0,0.680,0.000,0.650,0,,,12.850,0,V (Johnson),4222.06,0,0,2017-10-26,,12.316,3
237,K2-26 b,202083828,K2-26 b,06 16 49.579,+24 35 47.08,Transit,1,0.238,0,0.096,0,,,88.400,0,,,,,14.566,0,0.560,0.000,0.520,0,,,14.530,0,V (Johnson),3785,0,0,2016-01-21,,14.000,0
238,K2-29 b,211089792,K2-29 b,04 10 40.955,+24 24 07.35,Transit,1,1.190,0,0.042,0,0.066,0,86.656,0,0.730,0,0.530,0,3.259,0,0.940,0.000,0.860,0,,,12.526,0,V (Johnson),5358,0,0,2016-03-24,,12.914,4
239,K2-42 b,201155177,K2-42 b,11 46 39.774,-05 10 18.89,Transit,1,0.192,0,0.062,0,,,,,,,,,6.688,0,0.700,0.000,0.640,0,,,15.023,0,V (Johnson),4613,0,0,2016-07-18,,14.632,1
240,K2-43 b,201205469,K2-43 b,11 16 28.114,-03 58 31.58,Transit,1,0.424,0,0.038,0,0.070,0,88.900,0,,0,,0,3.471,0,0.600,0.000,0.590,0,,,15.596,0,V (Johnson),3889.72,0,0,2017-10-26,,14.887,1
241,K2-44 b,201295312,K2-44 b,11 36 02.790,-02 31 15.17,Transit,1,0.243,0,0.065,0,,,,,,,,,5.657,0,1.150,0.000,1.580,0,,,12.189,0,V (Johnson),5912,0,0,2016-07-18,,12.126,1
242,K2-45 b,201345483,K2-45 b,11 18 31.890,-01 46 26.87,Transit,1,0.599,0,0.022,0,,,,,,,,,1.729,0,0.500,0.000,0.450,0,,,15.780,0,V (Johnson),4103,0,0,2016-07-18,,15.319,1
243,K2-46 b,201403446,K2-46 b,11 37 03.922,-00 54 26.14,Transit,1,0.183,0,0.138,0,,,,,,,,,19.154,0,0.960,0.000,1.290,0,,,12.029,0,V (Johnson),6256,0,0,2016-07-18,,11.995,1
244,K2-47 b,201647718,K2-47 b,11 14 19.823,+02 46 50.56,Transit,1,0.169,0,0.178,0,,,,,,,,,31.637,0,0.750,0.000,0.760,0,,,14.085,0,V (Johnson),5054,0,0,2016-07-18,,13.771,1
245,K2-48 b,201677835,K2-48 b,11 44 29.652,+03 16 20.73,Transit,1,0.200,0,0.134,0,,,,,,,,,20.506,0,0.770,0.000,0.730,0,,,14.277,0,V (Johnson),4899,0,0,2016-07-18,,14.019,1
246,K2-49 b,201690311,K2-49 b,11 49 16.849,+03 28 32.05,Transit,1,0.172,0,0.031,0,,,,,,,,,2.771,0,0.510,0.000,0.450,0,,,15.668,0,V (Johnson),4175,0,0,2016-07-18,,15.288,1
247,K2-50 b,201833600,K2-50 b,11 17 56.070,+05 59 18.16,Transit,1,0.142,0,0.070,0,,,,,,,,,8.753,0,0.610,0.000,0.550,0,,,14.717,0,V (Johnson),4326,0,0,2016-07-18,,14.252,1
248,K2-116 b,206119924,K2-116 b,22 24 36.387,-11 34 43.29,Transit,1,0.062,0,0.048,0,0.060,0,89.090,0,,0,,0,4.655,0,0.690,0.000,0.670,0,56.150,0,10.910,0,V (Johnson),4348.35,0,0,2017-10-05,,10.310,3
249,K2-52 b,203776696,K2-52 b,16 26 26.741,-24 58 11.81,Transit,1,0.990,0,0.049,0,,,,,,,,,3.535,0,1.210,0.000,1.490,0,,,15.037,0,Kepler-band,6113,0,0,2016-07-18,,15.037,2
250,K2-53 b,204890128,K2-53 b,16 16 34.036,-20 24 01.92,Transit,1,0.223,0,0.098,0,,,,,,,,,12.205,0,0.830,0.000,0.850,0,,,11.888,0,Kepler-band,5269,0,0,2016-07-18,,11.888,2
251,K2-54 b,205916793,K2-54 b,22 32 13.008,-17 32 38.38,Transit,1,0.103,0,0.067,0,,,,,,,,,9.784,0,0.420,0.000,0.380,0,,,14.042,0,V (Johnson),3798,0,0,2016-07-18,,13.441,3
252,K2-55 b,205924614,K2-55 b,22 15 00.462,-17 15 02.55,Transit,1,0.341,0,0.035,0,,,,,,,,,2.849,0,0.700,0.000,0.630,0,,,13.546,0,V (Johnson),4456,0,0,2016-07-18,,13.087,3
253,K2-57 b,206026136,K2-57 b,22 50 46.011,-14 04 11.59,Transit,1,0.187,0,0.075,0,,,,,,,,,9.006,0,0.680,0.000,0.620,0,,,14.501,0,V (Johnson),4434,0,0,2016-07-18,,14.101,3
254,K2-58 b,206026904,K2-58 b,22 15 17.234,-14 02 59.31,Transit,3,0.239,0,0.069,0,,,,,,,,,7.053,0,0.890,0.000,0.860,0,,,12.378,0,V (Johnson),5413,0,0,2016-07-18,,12.150,3
255,K2-58 c,206026904,K2-58 c,22 15 17.234,-14 02 59.31,Transit,3,0.145,0,0.035,0,,,,,,,,,2.537,0,0.890,0.000,0.860,0,,,12.378,0,V (Johnson),5413,0,0,2016-07-18,,12.150,3
256,K2-58 d,206026904,K2-58 d,22 15 17.234,-14 02 59.31,Transit,3,0.153,0,0.152,0,,,,,,,,,22.883,0,0.890,0.000,0.860,0,,,12.378,0,V (Johnson),5413,0,0,2016-07-18,,12.150,3
257,K2-59 b,206027655,K2-59 b,22 35 46.164,-14 01 39.88,Transit,2,0.215,0,0.135,0,,,,,,,,,20.692,0,0.770,0.000,0.730,0,,,14.226,0,V (Johnson),5055,0,0,2016-07-18,,13.869,3
258,K2-59 c,206027655,K2-59 c,22 35 46.164,-14 01 39.88,Transit,2,0.205,0,0.090,0,,,,,,,,,11.295,0,0.770,0.000,0.730,0,,,14.226,0,V (Johnson),5055,0,0,2016-07-18,,13.869,3
259,K2-60 b,206038483,K2-60 b,22 34 25.481,-13 43 54.13,Transit,1,0.683,0,0.045,0,0.000,0,88.490,0,0.426,0,1.700,0,3.003,0,0.970,0.000,1.120,0,,,12.789,0,V (Johnson),5500,0,1,2017-02-02,,12.590,3
260,K2-61 b,206044803,K2-61 b,22 38 41.939,-13 33 36.09,Transit,1,0.221,0,0.039,0,,,,,,,,,2.573,0,1.210,0.000,1.360,0,,,12.991,0,V (Johnson),6293,0,0,2016-07-18,,12.975,3
261,K2-62 b,206096602,K2-62 b,22 17 27.400,-12 11 14.99,Transit,2,0.191,0,0.064,0,,,,,,,,,6.672,0,0.770,0.000,0.730,0,,,12.397,0,V (Johnson),4880,0,0,2016-07-18,,12.045,3
262,K2-62 c,206096602,K2-62 c,22 17 27.400,-12 11 14.99,Transit,2,0.191,0,0.115,0,,,,,,,,,16.197,0,0.770,0.000,0.730,0,,,12.397,0,V (Johnson),4880,0,0,2016-07-18,,12.045,3
263,K2-63 b,206101302,K2-63 b,22 13 42.400,-12 03 58.95,Transit,1,0.287,0,0.163,0,,,,,,,,,20.257,0,1.400,0.000,1.630,0,,,12.876,0,V (Johnson),6771,0,0,2016-07-18,,12.703,3
264,K2-64 b,206125618,K2-64 b,22 09 39.265,-11 25 43.47,Transit,1,0.185,0,0.062,0,,,,,,,,,6.530,0,0.740,0.000,0.730,0,,,14.086,0,V (Johnson),5312,0,0,2016-07-18,,13.894,3
265,K2-65 b,206144956,K2-65 b,22 12 50.823,-10 55 31.36,Transit,1,0.141,0,0.101,0,,,,,,,,,12.648,0,0.870,0.000,0.840,0,78.060,0,10.801,0,V (Johnson),5213,0,0,2016-07-18,,10.396,3
266,K2-66 b,206153219,K2-66 b,22 06 06.409,-10 42 41.58,Transit,1,0.222,0,0.060,0,,0,86.600,0,0.067,0,7.800,0,5.070,0,1.110,0.000,1.670,0,,,11.710,0,V (Johnson),5887,0,1,2017-12-14,,12.051,3
267,K2-117 b,211331236,K2-117 b,08 55 25.364,+10 28 08.87,Transit,2,0.175,0,0.019,0,0.060,0,88.360,0,,0,,0,1.292,0,0.580,0.000,0.490,0,100.000,0,14.655,0,V (Johnson),3842.12,0,0,2017-10-05,,13.905,5
268,K2-68 b,206159027,K2-68 b,22 16 04.746,-10 34 02.34,Transit,1,0.141,0,0.071,0,,,,,,,,,8.054,0,0.730,0.000,0.680,0,,,12.977,0,V (Johnson),4746,0,0,2016-07-18,,12.597,3
269,K2-69 b,206162305,K2-69 b,22 23 02.292,-10 29 18.89,Transit,1,0.207,0,0.059,0,,,,,,,,,7.066,0,0.550,0.000,0.490,0,,,14.807,0,Kepler-band,4127,0,0,2016-07-18,,14.807,3
270,K2-70 b,206181769,K2-70 b,22 33 54.192,-10 05 05.81,Transit,1,0.258,0,0.111,0,,,,,,,,,13.979,0,0.940,0.000,0.930,0,,,12.989,0,V (Johnson),5622,0,0,2016-07-18,,12.770,3
271,K2-71 b,206192813,K2-71 b,22 46 53.862,-09 52 53.83,Transit,1,0.192,0,0.056,0,,,,,,,,,6.985,0,0.480,0.000,0.430,0,,,14.875,0,Kepler-band,4006,0,0,2016-07-18,,14.875,3
272,K2-72 b,206209135,K2-72 b,22 18 29.275,-09 36 44.58,Transit,4,0.096,0,0.040,0,0.110,0,89.150,0,,0,,0,5.577,0,0.270,0.000,0.330,0,,,15.309,0,V (Johnson),3360.47,0,0,2017-10-26,,14.407,3
273,K2-72 c,206209135,K2-72 c,22 18 29.275,-09 36 44.58,Transit,4,0.103,0,0.078,0,0.110,0,89.540,0,,0,,0,15.189,0,0.270,0.000,0.330,0,,,15.309,0,V (Johnson),3360.47,0,0,2017-10-26,,14.407,3
274,K2-72 d,206209135,K2-72 d,22 18 29.275,-09 36 44.58,Transit,4,0.090,0,0.050,0,0.110,0,89.260,0,,0,,0,7.760,0,0.270,0.000,0.330,0,,,15.309,0,V (Johnson),3360.47,0,0,2017-10-26,,14.407,3
275,K2-72 e,206209135,K2-72 e,22 18 29.275,-09 36 44.58,Transit,4,0.115,0,0.106,0,0.110,0,89.680,0,,0,,0,24.159,0,0.270,0.000,0.330,0,,,15.309,0,V (Johnson),3360.47,0,0,2017-10-26,,14.407,3
276,K2-73 b,206245553,K2-73 b,22 20 06.116,-09 03 21.93,Transit,1,0.219,0,0.076,0,,,,,,,,,7.495,0,1.050,0.000,1.060,0,,,11.345,0,V (Johnson),5922,0,0,2016-07-18,,11.745,3
277,K2-74 b,206268299,K2-74 b,22 39 40.642,-08 42 52.22,Transit,1,0.206,0,0.140,0,,,,,,,,,19.567,0,0.960,0.000,0.980,0,,,12.588,0,V (Johnson),6060,0,0,2016-07-18,,12.430,3
278,K2-75 b,206348688,K2-75 b,22 35 22.764,-07 28 11.47,Transit,2,0.238,0,0.081,0,,,,,,,,,7.814,0,1.160,0.000,1.560,0,,,12.701,0,V (Johnson),5995,0,0,2016-07-18,,12.566,3
279,K2-75 c,206348688,K2-75 c,22 35 22.764,-07 28 11.47,Transit,2,0.247,0,0.143,0,,,,,,,,,18.311,0,1.160,0.000,1.560,0,,,12.701,0,V (Johnson),5995,0,0,2016-07-18,,12.566,3
280,K2-117 c,211331236,K2-117 c,08 55 25.364,+10 28 08.87,Transit,2,0.181,0,0.051,0,0.150,0,89.490,0,,0,,0,5.445,0,0.580,0.000,0.490,0,100.000,0,14.655,0,V (Johnson),3842.12,0,0,2017-10-05,,13.905,5
281,K2-77 b,210363145,K2-77 b,03 40 54.823,+12 34 21.40,Transit,1,0.205,0,,,0.140,0,88.700,0,1.900,1,,,8.200,0,0.800,0.000,0.760,0,,,12.158,0,V (Johnson),4970,0,0,2016-09-29,,11.896,4
282,K2-118 b,211680698,K2-118 b,08 48 30.454,+15 39 21.54,Transit,1,0.227,0,0.245,0,0.200,0,89.500,0,,0,,0,50.921,0,0.760,0.000,0.730,0,,,14.049,0,V (Johnson),4726.29,0,0,2017-10-05,,13.727,5
283,K2-79 b,210402237,K2-79 b,03 41 01.417,+13 31 09.74,Transit,1,0.329,0,0.099,0,,,,,,,,,10.996,0,1.060,0.000,1.280,0,,,12.075,0,V (Johnson),5926,0,0,2016-07-18,,11.801,4
284,K2-80 b,210403955,K2-80 b,03 56 08.997,+13 33 33.44,Transit,3,0.179,0,0.135,0,,,,,,,,,19.092,0,0.900,0.000,0.870,0,,,12.626,0,V (Johnson),5441,0,0,2016-07-18,,12.388,4
285,K2-80 c,210403955,K2-80 c,03 56 08.997,+13 33 33.44,Transit,3,0.131,0,0.060,0,,,,,,,,,5.605,0,0.900,0.000,0.870,0,,,12.626,0,V (Johnson),5441,0,0,2016-07-18,,12.388,4
286,K2-81 b,210448987,K2-81 b,03 49 56.517,+14 30 07.92,Transit,1,0.176,0,0.059,0,0.060,0,89.290,0,,0,,0,6.102,0,0.750,0.000,0.630,0,,,14.364,0,V (Johnson),4674.13,0,0,2017-10-26,,13.927,4
287,K2-119 b,211770795,K2-119 b,08 48 02.336,+16 54 06.67,Transit,1,0.204,0,0.070,0,0.070,0,89.400,0,,0,,0,7.729,0,0.760,0.000,0.680,0,,,14.883,0,V (Johnson),4752.8,0,0,2017-10-05,,14.489,5
288,K2-83 b,210508766,K2-83 b,03 59 36.375,+15 33 31.99,Transit,2,0.111,0,0.030,0,,,,,,,,,2.747,0,0.480,0.000,0.420,0,,,14.514,0,V (Johnson),3910,0,0,2016-07-18,,13.844,4
289,K2-83 c,210508766,K2-83 c,03 59 36.375,+15 33 31.99,Transit,2,0.132,0,0.071,0,,,,,,,,,9.998,0,0.480,0.000,0.420,0,,,14.514,0,V (Johnson),3910,0,0,2016-07-18,,13.844,4
290,K2-84 b,210577548,K2-84 b,03 43 14.226,+16 38 04.37,Transit,2,0.215,0,0.067,0,,,,,,,,,6.421,0,0.950,0.000,0.930,0,,,13.443,0,V (Johnson),5652,0,0,2016-07-18,,13.138,4
291,K2-84 c,210577548,K2-84 c,03 43 14.226,+16 38 04.37,Transit,2,0.181,0,0.177,0,,,,,,,,,27.860,0,0.950,0.000,0.930,0,,,13.443,0,V (Johnson),5652,0,0,2016-07-18,,13.138,4
292,K2-85 b,210707130,K2-85 b,03 57 51.455,+18 27 54.91,Transit,1,0.090,0,0.013,0,,,,,,,,,0.685,0,0.570,0.000,0.510,0,,,12.831,0,V (Johnson),4268,0,0,2016-07-18,,12.099,4
293,K2-86 b,210718708,K2-86 b,03 26 12.672,+18 38 08.22,Transit,1,0.175,0,0.077,0,,,,,,,,,8.777,0,0.790,0.000,0.760,0,,,13.167,0,V (Johnson),5482,0,0,2016-07-18,,12.801,4
294,K2-87 b,210731500,K2-87 b,04 24 56.693,+18 49 38.70,Transit,1,0.410,0,0.088,0,,,,,,,,,9.727,0,0.950,0.000,0.930,0,,,14.134,0,V (Johnson),5406,0,0,2016-07-18,,13.691,4
295,K2-88 b,210750726,K2-88 b,03 39 00.384,+19 07 12.64,Transit,1,0.110,0,0.035,0,,,,,,,,,4.612,0,0.260,0.000,0.260,0,,,15.476,0,V (Johnson),3537,0,0,2016-07-18,,14.594,4
296,K2-89 b,210838726,K2-89 b,03 48 16.012,+20 27 34.70,Transit,1,0.055,0,0.015,0,,,,,,,,,1.096,0,0.350,0.000,0.320,0,,,14.162,0,V (Johnson),3691,0,0,2016-07-18,,13.307,4
297,K2-90 b,210968143,K2-90 b,03 56 36.577,+22 28 21.47,Transit,2,0.226,0,0.100,0,0.070,0,89.400,0,,0,,0,13.735,0,0.700,0.000,0.630,0,,,13.855,0,V (Johnson),4421.98,0,0,2017-10-26,,13.723,4
298,K2-90 c,210968143,K2-90 c,03 56 36.577,+22 28 21.47,Transit,2,0.116,0,0.035,0,0.190,0,86.940,0,,0,,0,2.901,0,0.700,0.000,0.630,0,,,13.855,0,V (Johnson),4421.98,0,0,2017-10-26,,13.723,4
299,K2-91 b,211077024,K2-91 b,04 12 52.335,+24 12 18.40,Transit,1,0.098,0,0.016,0,,,,,,,,,1.420,0,0.290,0.000,0.280,0,,,15.572,0,V (Johnson),3622,0,0,2016-07-18,,14.464,4
300,K2-120 b,211791178,K2-120 b,08 48 34.318,+17 11 26.47,Transit,1,0.179,0,0.078,0,0.140,0,89.570,0,,0,,0,9.563,0,0.690,0.000,0.670,0,,,14.045,0,V (Johnson),4349.9,0,0,2017-10-05,,13.648,5
301,K2-105 b,211525389,K2-105 b,08 21 40.867,+13 29 51.11,Transit,1,0.369,0,0.081,0,,,88.950,0,0.094,0,,,8.267,0,1.010,0.000,0.950,0,,,11.752,0,V (Johnson),5434,0,0,2017-01-12,11.623,11.687,5
302,K2-106 b,220674823,EPIC 220674823 b,00 52 19.147,+10 47 40.92,Transit,2,0.162,0,0.013,0,,0,80.200,0,0.028,0,8.570,0,0.571,0,0.920,0.000,0.950,0,,,12.102,0,V (Johnson),5496,0,1,2017-12-14,11.860,11.958,8
303,K2-106 c,220674823,EPIC 220674823 c,00 52 19.147,+10 47 40.92,Transit,2,0.247,0,0.107,0,,0,89.000,0,0.018,0,1.300,0,13.339,0,0.920,0.000,0.950,0,,,12.102,0,V (Johnson),5496,0,1,2017-12-14,11.860,11.958,8
304,K2-121 b,211818569,K2-121 b,08 27 44.813,+17 34 45.83,Transit,1,0.814,0,0.052,0,0.220,0,87.250,0,,0,,0,5.186,0,0.710,0.000,0.770,0,,,13.319,0,V (Johnson),4471.38,0,0,2017-10-05,,12.935,5
305,K2-122 b,212006344,K2-122 b,08 25 54.315,+20 21 34.45,Transit,1,0.114,0,0.029,0,0.210,0,86.390,0,,0,,0,2.219,0,0.630,0.000,0.590,0,74.000,0,13.150,0,V (Johnson),3993.36,0,0,2017-10-05,,12.466,5
306,K2-123 b,212069861,K2-123 b,08 57 46.604,+21 27 12.72,Transit,1,0.236,0,0.167,0,0.060,0,89.790,0,,0,,0,30.957,0,0.650,0.000,0.570,0,156.000,0,14.781,0,V (Johnson),4075.67,0,0,2017-10-05,,14.102,5
307,K2-124 b,212154564,K2-124 b,08 54 33.886,+23 07 58.41,Transit,1,0.236,0,0.051,0,0.080,0,89.510,0,,0,,0,6.414,0,0.440,0.000,0.340,0,,,15.105,0,Kepler-band,3560.7,0,0,2017-10-05,,15.105,5
